{"cameraMode":{"drawMode":0,"name":"Shaded","section":"Shading Mode"},"sceneLighting":true,"audioPlay":false,"sceneViewState":{"showFog":true,"showMaterialUpdate":true,"showSkybox":true,"showFlares":true,"showImageEffects":true,"showParticleSystems":true},"in2DMode":false,"pivot":{"x":839.05029296875,"y":1880.401611328125,"z":3.325439453125},"rotation":{"x":0.023269739001989366,"y":0.9746554493904114,"z":0.1201598271727562,"w":-0.18765607476234437},"size":3130.521240234375,"orthographic":false}