{"cameraMode":{"drawMode":0,"name":"Shaded","section":"Shading Mode"},"sceneLighting":true,"audioPlay":false,"sceneViewState":{"showFog":true,"showMaterialUpdate":true,"showSkybox":true,"showFlares":true,"showImageEffects":true,"showParticleSystems":true},"in2DMode":false,"pivot":{"x":1.6103509664535523,"y":-1.6040029525756837,"z":-1.4779040813446046},"rotation":{"x":-0.02577194757759571,"y":-0.9540708661079407,"z":0.286063551902771,"w":-0.08578766137361527},"size":5.580398082733154,"orthographic":false}