{"cameraMode":{"drawMode":0,"name":"Shaded","section":"Shading Mode"},"sceneLighting":true,"audioPlay":false,"sceneViewState":{"showFog":true,"showMaterialUpdate":true,"showSkybox":true,"showFlares":true,"showImageEffects":true,"showParticleSystems":true},"in2DMode":false,"pivot":{"x":2.5303916931152345,"y":0.5962638854980469,"z":-0.28824567794799807},"rotation":{"x":-0.13575564324855805,"y":-0.8633436560630798,"z":0.3208242654800415,"w":-0.36519527435302737},"size":12.786060333251954,"orthographic":false}