{"cameraMode":{"drawMode":0,"name":"Shaded","section":"Shading Mode"},"sceneLighting":true,"audioPlay":false,"sceneViewState":{"showFog":true,"showMaterialUpdate":true,"showSkybox":true,"showFlares":true,"showImageEffects":true,"showParticleSystems":true},"in2DMode":false,"pivot":{"x":1.3617488145828248,"y":-2.2652623653411867,"z":-1.080134630203247},"rotation":{"x":-0.02577194757759571,"y":-0.9540708661079407,"z":0.286063551902771,"w":-0.08578766137361527},"size":7.5264129638671879,"orthographic":false}